{"cameraMode":{"drawMode":0,"name":"Shaded","section":"Shading Mode"},"sceneLighting":true,"audioPlay":false,"sceneViewState":{"showFog":true,"showMaterialUpdate":true,"showSkybox":true,"showFlares":true,"showImageEffects":true,"showParticleSystems":true},"in2DMode":false,"pivot":{"x":-0.33917236328125,"y":-28.260276794433595,"z":3.861694812774658},"rotation":{"x":0.3528405725955963,"y":-0.5876299142837524,"z":0.31608298420906069,"w":0.65597003698349},"size":118.7157974243164,"orthographic":false}