{"cameraMode":{"drawMode":0,"name":"Shaded","section":"Shading Mode"},"sceneLighting":true,"audioPlay":false,"sceneViewState":{"showFog":true,"showMaterialUpdate":true,"showSkybox":true,"showFlares":true,"showImageEffects":true,"showParticleSystems":true},"in2DMode":false,"pivot":{"x":-17.350250244140626,"y":-16.265113830566408,"z":15.26675033569336},"rotation":{"x":0.3528405725955963,"y":-0.5876299142837524,"z":0.31608298420906069,"w":0.65597003698349},"size":121.638916015625,"orthographic":false}