{"cameraMode":{"drawMode":0,"name":"Shaded","section":"Shading Mode"},"sceneLighting":false,"audioPlay":false,"sceneViewState":{"showFog":true,"showMaterialUpdate":true,"showSkybox":false,"showFlares":true,"showImageEffects":true,"showParticleSystems":true},"in2DMode":false,"pivot":{"x":0.11700999736785889,"y":1.6583552360534669,"z":-0.015706181526184083},"rotation":{"x":0.27963754534721377,"y":-0.5951547622680664,"z":0.23220951855182649,"w":0.7167147397994995},"size":8.028403282165528,"orthographic":false}